,0,1,2,3
1,-4.398973044440499,-4.9608571729855235,11.537371406939615,-2.1867812615795406
2,-5.614855847762457,-1.390520816742673,-30.100882899968827,26.333649652108686
3,-2.613349055360798,-2.1881587605772275,-8.460990615967846,1.2968299258895333
4,-8.118069165020358,2.5015200765682692,-25.099334948019386,14.82624378641652
5,9.557172724187058,-17.14805210441493,-13.197897527427198,34.69866334750051
6,0.6916369701992986,0.9043364500383253,6.855741830836484,-7.059717437981451
7,2.9320165095552246,12.244824643190611,-31.195964572429407,25.53917512458529
8,-1.530507947492787,1.403695489827923,9.686179015610076,-9.296356556210569
9,7.995527047642443,-7.902944236663126,20.363578978114305,-18.663360040359123
10,-3.7587556868127994,-1.051963481224073,7.946186981045891,-0.8693733719738863
11,-5.268065497658152,16.275409930663454,11.982428067602843,-22.591455918724108
12,0.2865880712619939,-13.105842184185281,17.934968568714936,-18.46679212119682
13,-1.5585545446869582,-5.485480011016399,14.906245574492008,-13.191307069024488
14,6.233713347231592,0.13748342929559199,9.114309758014551,-3.5834042504391337
15,-1.0136790463908796,-6.8649888035187,-6.191774725256749,9.456396353869918
16,-6.2135530377735675,-5.078933966739951,17.525240821575768,-16.594721992098695
17,-25.09039192918334,2.9291196457201893,-27.376083699750517,16.161464935835983
18,3.220047382852988,2.856335382827343,10.725752171066,-8.272408097656237
19,7.054808733495547,9.946655847366303,-17.514837272957468,11.461875377708914
20,-9.712874420417444,0.2807857573240468,16.464870340340845,-17.759713192576903
21,12.832877521813566,15.253324805283283,-27.995686179492107,21.989597817845105
22,-5.439919021653065,-2.8062534368756284,11.8026624014914,-2.8719101305299986
23,9.701025061306849,-3.353795613676236,13.61792366617265,-19.602715942358092
24,-6.385429363664131,10.55925782357323,-26.575999262635555,12.975945425851547
25,-14.888828518942974,-6.712703331222264,21.297872090320244,-16.982289814957472
26,0.9480568708879731,-3.9769241841993703,-29.98894065587612,30.68744969639199
27,10.835626953491252,2.2693309876765158,16.920464597630456,-11.555998542467142
28,-4.53456125739097,2.2295629250853963,5.2376397092002716,-5.318775515425255
29,-2.5421879887931533,1.0646797395086423,15.848629199945982,-21.654411073499407
30,-30.26994521416856,5.093961016529402,-30.339130916809644,22.85294356163076
31,-9.304200981784792,-14.69125488076944,22.13598181406009,-12.93117516723233
32,4.204939998312176,-3.482881050427426,-29.36340216411143,26.90504170828337
33,-6.004467525913223,-4.709226823858831,-9.028634541417459,9.732667649850036
34,-4.311842271813008,7.30249247546463,-31.00472121228151,23.8245686493282
35,0.9207720709705887,-1.2047532595764847,-26.994625247245523,33.68290545536497
36,19.566972151488613,-1.7895804114178122,17.65187064267121,-17.992357143353036
37,3.959391344438791,-5.305991087651965,8.378241301646787,-7.848934155070403
38,4.751321211762036,-13.688553897223064,-26.40098617660221,26.673354281291193
39,9.60590498562306,3.9289883645076014,-29.391581145539654,21.0435863335248
40,13.615013527014977,7.8122694313755625,-22.504386826731963,21.551541789208386
41,-17.61727760169083,7.50548613392298,-19.531153300957566,24.37936854632273
42,13.807322551341912,-0.272152987099617,18.648943804932777,-18.768312385018845
43,13.014889505438092,1.9682922840773716,16.173802849446428,-23.33702335609025
44,-14.486004340252306,-1.6651000693942852,-20.146975422580752,28.571982441818665
45,10.541595516935143,10.617873955702354,-22.323393187197553,17.663252558269214
46,2.9486779372131817,14.353500925417826,-36.61183499570677,22.427802743401962
47,5.109397026586701,5.2303271228088395,15.085215167818909,-13.459773798605726
48,9.5943613309416,9.051532240084006,-31.956752931251643,24.03457404666536
49,0.25719134074790495,9.70738728407318,10.25037995612997,-23.85183940671542
50,-9.130388919606787,-2.035886733389866,-19.500657160365556,19.204881713399477
51,1.1953311463614638,-12.902490875630392,-14.576493636814646,32.32239479338752
52,-29.622437509271464,2.657362599684383,-32.17603533580814,28.25980540916947
53,-1.4580621196448014,-15.958410264818905,23.05501300049442,-18.699768726872673
54,-5.227405406068933,11.383825563929161,-33.998328795156205,19.046212885591814
55,-1.1006416748013246,1.591707629391036,7.8174509323920365,-10.780330256931725
56,-2.8640249661690382,5.779218134445705,-31.859147163894672,16.863602887261525
57,13.25108130066232,4.133930495902324,-30.21182324595578,24.20838553153065
58,4.360293719291942,-2.90288068140753,16.968168842496212,-19.360514016934793
59,0.36451149301392965,-24.545205163348236,-22.40802865692877,29.66331933576768
60,-5.740103078987861,10.85410810500788,-34.858661681714246,15.319162280015306
61,-26.2443500837813,7.8463944193587905,-24.148160571104608,9.43632462260719
62,-8.82572731652298,8.565278186754853,12.426579903171763,-21.464700609921188
63,18.439022331092396,-0.4930625652845413,17.68257799474585,-22.168723723945504
64,5.520666927284411,-0.4542504214326833,16.054784135354815,-23.96100763535491
65,-12.616402428774553,0.0791510098480463,17.751387471049373,-17.127917823302365
66,4.8812783625542595,6.514236662069906,15.8057400397443,-22.566378099968983
67,-24.149038635408324,-1.0289299970025907,-26.700225973183496,25.48291329178619
68,14.123168864454989,1.6168499985415992,17.75042045877939,-18.641992304967374
69,-22.86578951231018,5.6287296834174345,-25.344396974734057,18.635273221425173
70,-3.4361867593614943,9.514435167110202,11.297212895555347,-22.35574264076648
71,-9.369090208234262,-2.1627520423607147,17.76490796411186,-15.428020079778262
72,-4.653516294398657,-0.4263074193633061,5.977316790440463,1.1335506850106043
73,-3.8395097641460145,-4.581569255934871,-8.207673093345244,14.424303375859557
74,17.96132815952425,-0.5421301450060704,18.19801430457,-21.770441443921523
75,17.495107546430255,13.302481000574089,-27.72836425483332,26.88008881905591
76,5.551241132150351,10.05270908189761,-11.020370857775415,5.575818326238363
77,0.9503092643554522,-0.16713262605653506,19.195019576502933,-15.363723469140647
78,-3.878772458979361,-2.900177853356165,-16.3871801030691,22.959291947128634
79,-4.444505873638969,-5.250889458419407,-9.10844463517915,18.356028171169257
80,5.036353119668487,7.486471425477619,15.994104515115634,-20.91814426686501
81,19.499367518605702,-2.8918204584774387,18.53700206089873,-19.71901707625014
82,-1.700674203487032,-9.421257883751679,-29.62533748941227,26.6283699741499
83,-7.003168912599293,-9.447251908259139,21.130029199239143,-11.06170320205566
84,-12.613453708508091,-2.423266601678869,-15.421097732052301,21.94588922112171
85,5.820674878935037,4.898424230402047,15.571538016074154,-14.372761748376865
86,-1.3872726009410696,-0.965036045196082,10.820460228767613,-13.256706695418623
87,-3.653480647144713,-5.759666082140737,-9.920274621206106,17.08245704440311
88,2.2694609245932043,15.290995358802189,-31.531933702560217,24.137494262961788
89,5.6276535967958266,3.8827732187779436,13.681440639138696,-12.165691493447683
90,-25.014699322679817,-4.786935591092008,-30.539544834204047,25.436896859277986
91,7.368567638385717,-15.087881201584516,16.96660300487312,-20.5197625690452
92,-5.995287377930516,-2.381825891364205,-9.353267938444455,15.361472792549257
93,-6.593403138823535,-6.0164579266856055,14.470016008518495,-13.33085556234663
94,-15.883884908355784,0.2033987212301061,-28.32473924516843,22.087353660668867
95,-3.204547937158141,8.600682478469599,14.049131106429595,-16.907845965734914
96,-3.981869295351906,0.8516608800236716,9.717335026911991,-5.8649835476641705
97,-6.165144999739382,-0.9885691490871826,15.223855423332534,-2.814605490205334
98,8.485560176003398,-3.5900003490938355,7.516131371642665,-2.4103354390808964
99,1.9036535920369801,1.9791414438497557,-0.242392169712907,-1.3677977652541577
100,10.783335274805392,-9.899294340027701,21.719328046918495,-19.994370976466772
101,-7.38197225958091,2.3061141936448335,8.577679357652297,-1.939395915949763
102,6.415151216423388,7.045577988378632,-18.066522456270814,10.985436138818311
103,5.111753794366046,5.049267792289995,-10.429684719155636,9.927032591783334
104,3.9754464449196734,2.5510848257683034,8.481710647958172,-5.628583871707066
105,5.365568753994734,-12.976801874702602,22.257462611159198,-20.01054573081357
106,9.528647067087196,-3.3343721148240824,-19.952159844720082,28.817995623932863
107,10.031670364826432,0.06532018629277708,-25.23048813375887,22.833189698867
108,7.687088500206681,3.5658573341546447,-22.623665798347535,19.788835494291106
109,17.499719509758464,-9.187111106261293,-19.46293378726862,26.795570625028358
110,14.095135244161309,6.126911868517802,-25.060481912948788,24.011264175945765
111,7.603902639878303,6.584709016003013,-15.781299956117076,9.450162345962402
112,19.360182115831563,1.4418692436762217,-18.83842862856664,25.060103007629746
113,-24.695253174617754,1.9517530237869083,-28.639846987912545,31.17336502760851
114,23.191652914161033,0.720522989031217,-22.499777294271993,28.22354453326435
115,17.917295300633533,-1.0771478425215912,18.299184047032032,-20.510037031760312
116,5.2747564157315905,-6.552078826766484,13.853148118937114,-12.487805783297395
117,0.4063652993916846,-19.35636302571314,-8.04811548580776,23.273713461023043
118,-19.253721772455016,-9.83137843686762,-25.69112738098827,33.202631044634664
119,-0.27530957620102803,-6.224314896330799,-31.184575039884173,27.952507680240664
120,-2.1708154515741294,19.03328087228875,-37.71715987175493,18.006323055667682
121,1.3809953457127664,-23.357293892278204,-23.05921586367949,30.46174308190697
122,7.237729537318316,8.16447950750487,-29.78988964922235,18.67598172070159
123,-0.5731026285896802,3.0061276882904884,7.1510606716064515,-3.498132949465489
124,-2.7383611565231374,6.5612934093418245,15.152726504998284,-23.286748562885617
125,-11.246661038674493,-1.9608236761322977,-20.403323664384672,32.270488177468
126,-1.018866017258284,-3.32850324688671,16.987090365601084,-20.26419562124116
127,8.142629746773546,11.138388754665604,-19.201927757695927,14.316851981397472
128,-29.416848152581224,-0.32121975327037233,-30.26257887313941,22.13972114848659
129,-7.925012988545149,6.675052355612315,10.992786120128478,-12.115713424919166
130,2.7749786033638957,3.3324205831272113,17.498307748570166,-20.259072169960966
131,-1.3340137682923674,-3.652497494107149,5.413727682568645,2.2468550813527006
132,-3.4719452303245597,18.812358899697145,11.40334111133743,-23.530318443249786
133,-9.134155142581577,-1.8838638553252955,12.91012349798251,-10.406793833518835
134,-0.15087408503704902,10.088814341992979,-18.409294439100098,10.846170615108807
135,-4.211721417030865,3.419138753280322,4.520920901046251,-4.296907137463961
136,-6.414630199445687,0.8512856685280208,10.106026120504689,-2.813843545358424
137,3.9580558608081273,-9.372822209762601,13.071001467531243,-10.820295814302415
138,-20.134606495050285,4.829667954574265,-24.57797229171003,19.10580386915445
139,-14.758847360903621,1.2697996375987024,-16.9123834174138,13.216402973694269
140,17.180891779642963,4.664088746696681,-18.642422992353094,18.63175339095477
141,-3.1426460947907944,-9.023009016446903,-14.621773794644438,21.40061141588159
142,-3.522229001505811,-0.29719974403869676,-31.969917560925776,17.901701139181007
143,-1.8542188416834793,-0.7976566326753145,7.9362744638575204,-10.639400771081661
144,11.867701390853739,1.8001353293413278,15.610788199118403,-19.274224187424903
145,-9.28230087932971,17.178870513191367,10.727614609261856,-23.373981940580293
146,0.5001954303801607,3.388978256421053,9.019336294491085,-7.435770436360585
147,4.311968565097401,-21.60907558159165,-14.709206718705833,26.478063114764105
148,9.355274182263658,11.140828493385953,-22.729633671712747,15.144033846947824
149,3.306503266338229,10.948423791232427,-20.20329394209042,12.017295589245224
150,1.6426485288161485,12.632002468980728,-34.7038108884584,20.699242595899765
151,18.709685559617554,8.77786181636988,-24.60113724180236,26.812255306519948
152,7.247581541279923,15.640736326276146,-30.591916144235864,25.141351269433773
153,-14.777816256189759,-1.6214830246232756,-20.288850458573066,20.46360003096975
154,0.30843418026247976,3.2069435446900667,-2.6485694398432833,3.1765979873390466
155,6.363039433816193,-12.609714123702874,-23.949884973257532,28.460320105108593
156,-0.4018827394194412,7.563879576131785,11.37745819522899,-24.777745180317545
157,-24.173425419263644,-9.948443713111464,-37.173012913161884,23.089089671851866
158,6.896339824570189,2.5214172402982604,-7.734420726540828,15.93290814134109
159,3.66815154053172,-13.209962068098259,-5.051551175179728,18.79285457127548
160,-5.186710342453026,-8.75275960901872,20.127809369547208,-19.780122098231217
161,-10.966822678527741,2.049682026466116,14.401251069339573,-16.73788263427612
162,7.945469334478715,5.954523577157542,-11.669198427397696,15.067960981749106
163,2.7597941222527975,1.3441510588676313,1.693273496733028,-3.188354630114343
164,-11.745055262439026,-12.108909772243486,-27.474585780547393,28.759637151191956
165,-9.272896629930363,-3.6289568717878984,15.701342056598317,-8.175276759786719
166,-2.201126807217479,-5.372332957432012,13.415780086292639,-22.77593353212772
167,16.054536156081696,0.07623179218456422,17.340388050283725,-18.384344125180668
168,6.0619684953868385,-31.578706006614137,-16.226573152937096,31.867302961927017
169,17.589624166258417,-0.9975665173108399,17.300354812376636,-18.544669225825643
170,2.469109017093109,12.246518160069247,-21.647997643874675,17.471967475755235
171,13.31635811357346,8.055233019337297,-30.468013813950645,23.265673924014838
172,-2.423186463008217,-9.005604677851531,16.610533502856963,-10.043461735912825
173,-1.3621130508050399,-3.492103225102521,-29.922732259177362,24.479885630261418
174,12.270274715820864,-0.9064802424028029,19.579564730890432,-13.650713866690419
175,-18.532898767395793,-3.5952964644737246,-22.1812199356214,25.78300899298509
176,20.482899305481595,-3.124698389304156,17.241058620868408,-16.65342608395307
177,4.832594697317443,8.037727774684624,-23.33964399061316,17.493773878591234
178,3.158874555888933,10.928378758691354,-12.161587217553592,13.001317729421102
179,-11.557151738110795,-7.672487793812469,-21.757526632910988,28.67948817501393
180,-6.215209332805291,-2.397606035348417,14.219239406474749,-9.612473532362399
181,-11.757158561764005,-8.50413083937282,-27.997143355064193,20.37696463446723
182,8.508189480673783,-24.22360386720443,-20.74225513044565,32.26288766508875
183,0.0808978255164931,1.0055634963265945,11.437194001214923,-10.09638104505609
184,12.840514434684247,1.162117108069223,17.64659036511869,-17.876137713783276
185,2.755139506852396,5.222251660671168,-34.39710146966372,25.244904857503943
186,17.118241323262232,-0.6774236626330683,17.46923574677573,-16.241232215530236
187,7.801260211743056,1.3583900683209886,11.819309426510983,-5.674361095779542
188,-4.1082859677343535,-6.308282467970839,-8.46570864066839,19.83057052190546
189,-3.2180177386829025,17.318676355456276,-40.08364303465671,20.963065420981984
190,1.5209426003880682,11.016349875467853,-34.73609873739698,20.776924630133937
191,-21.675417715577822,3.9238620473751453,-28.4832123342029,13.981958547888418
192,-11.954141851556944,5.021610849919791,15.530741649001303,-18.674338043930337
193,-7.534643632395306,-2.5946101459997046,17.509441941600592,-20.8633908193169
194,12.404104035045936,-0.14857130527998644,14.233147310440057,-13.218835236426477
195,6.722371022533233,1.6322575971107063,14.578933482476732,-13.76563559362454
196,10.804653132141231,7.417154128301832,-17.287264317937886,17.16409651366886
197,0.3108242218730254,1.1959659169364365,1.4258859134214839,1.277018061033833
198,2.941694761442189,-3.040959096466324,10.664593052416409,-7.641585058503505
199,-24.111214023810227,-8.017725655893548,-27.937149890699317,15.899211378271271
200,2.4106271245117434,3.5397767386851204,14.723462083377761,-13.052916390457641
201,5.677732886211601,4.131014682005044,-27.70081350018208,26.659605920404438
202,-13.060624186096339,-11.474768766705633,18.820844882967346,-19.127154918711224
203,5.771021325527326,-6.006227961840348,-8.207462790252299,16.95489621827803
204,13.202420002831632,0.8631998634232994,18.115272975767894,-17.579441951592266
205,-2.006352445408449,19.242972358725456,8.41337013447661,-24.139090119662292
206,1.0378225153946488,0.3642754090484381,3.776439728698166,-2.179315100341953
207,2.2639135245865396,3.9766090997063746,12.99092860106768,-12.586327528508003
208,-0.10913025870707682,0.16405119037635363,15.033956931725882,-11.641819101285755
209,-1.201962296967256,9.589911037486688,14.334844856623402,-14.816087028371784
210,6.159376909439672,1.4746479949267228,-9.410509836103346,11.966600409447441
211,17.751691203683677,15.92604913546017,-26.501178780375042,24.178875812217637
212,-27.83864434871891,-10.964422761168505,-33.508246001885134,24.83895778523755
213,1.7638538240149197,-18.156270822594415,18.5239555464113,-18.542846224302835
214,-2.7643129577830488,-3.4668881047013707,-5.697333308005316,9.445429075771878
215,2.213704753489761,-19.625490857419805,-23.581172105077336,38.370608656228335
216,-1.3837005598372076,-4.441744754235421,-19.001952614360714,29.2133836679114
217,18.526695830071873,12.524826811099224,-21.640193647902997,25.105014145146804
218,3.925100693305619,-0.5940089779808172,1.5075378806232504,-0.6524777905856429
219,-2.0466638146635217,0.15881190814222218,8.814061330328544,-8.916357649499565
220,18.512835406454393,-1.9489084129611,19.393696539501608,-18.811726526695683
221,-2.111937094518127,-14.269713259559984,19.401109613169822,-20.87267076122926
222,21.316640710922826,-2.8101325189943935,18.582858234366118,-18.70463801947098
223,6.427691506284199,-2.669607688613246,18.56718838544564,-22.26078248513048
224,17.278433735053014,-3.2538650941822387,14.72003777218616,-12.525744100941386
225,8.20127275812805,2.594165937279305,-16.054643479374107,12.23990136185539
226,-13.16249178271589,14.371080002301419,-31.900544160611567,12.766942715048863
227,0.4596251952459732,-7.4494105990509025,-11.070484156009664,15.385165003051394
228,-3.475630197126753,-1.968510934005309,17.05983503841671,-17.895843902304673
229,5.707067146071816,8.162580001960222,-27.925645415505485,18.201774605661186
230,15.236891981595425,5.84331049283822,-17.03831456788557,16.922216347969773
231,9.949431933165553,3.807646824622017,16.447696056963537,-19.263531132236714
232,-4.759781077925972,-29.982271198012683,-23.145261007859844,31.480180602043355
233,14.444368253256602,11.561511079223196,-29.456312426785107,22.159812616582162
234,-8.319607582840305,-1.706229526107542,18.105714607514322,-13.50010889666857
235,5.248088739522266,3.1249472437849595,-7.568196085350016,9.514284159358503
236,-4.336448694620661,-0.5382257198949778,13.792415943444084,-7.434231938375142
237,13.385687525491297,-1.5619079415939983,-13.005333635936756,20.556665416064494
238,-13.98729982117565,3.8545991745982757,-24.568558706261573,30.672867808835388
239,1.7855667533872839,-23.853325424720005,-18.127961747351172,26.35707519857881
240,1.9950784491803741,-1.1652210999750632,6.014821422044042,-1.747133564888355
241,0.8038645403454925,-0.8099407123925516,2.800452163483833,-0.6465066467107179
242,20.235218508396578,-2.427892484813738,18.468309248325323,-19.204114103249676
243,0.9597636444551232,13.0605070994165,-32.54310101847369,21.56270558867425
244,8.398867014257972,3.887618857966582,16.397754871878846,-13.450513924779516
245,-7.821491410784379,-1.6738452863161017,15.36517107772455,-11.233478234538996
246,-3.9026256983564815,-5.705394249154208,16.058432993773316,-22.86491657151596
247,1.128109698231317,-6.3063899337368206,11.737073013793042,-6.417639781049322
248,0.9932952689266258,-0.16183494865689685,-1.8421889241478024,5.2938480683741265
249,18.877235625323493,1.0565729743737915,-14.315212317012987,20.23094766113471
250,10.846532238805324,2.4502955949264167,17.775347322047985,-18.179818589651127
251,-7.365480089803163,10.114857336331047,-31.63184204741953,18.581143968025597
252,17.5967009683608,-11.969151129240936,-21.520069691072322,31.9643793013719
253,-18.743393674637645,4.362307898792195,-20.055225020415023,24.550637333426213
254,-28.226719605853567,-8.84639226582473,-26.711666772938464,33.79182543185801
255,14.888472550915404,9.239936006073084,-19.947408062568616,20.431231789652845
256,9.749248045589388,5.28220505813825,-24.48435339969662,19.54858599942586
257,-2.1155674018630894,3.432801324145107,7.6454195519914965,-3.802485362122677
258,2.552115093808161,12.324089738170953,-33.695712140642584,24.492459595180094
259,1.9535411757915075,11.349042466161581,-28.155254771058633,17.23058815759528
260,-4.326803941928236,13.654082800206327,7.513001471188543,-12.911867557002592
261,7.660879180970185,2.9978894876778086,13.623307561201695,-9.903610402003508
262,-2.1846409958664923,-1.8571650169005107,14.005611396865607,-3.8279501577207795
263,-15.115822523291865,-4.221046911735438,-16.243704062969456,23.051519206981695
264,4.125388217117898,3.0597421073221955,13.054694546042072,-8.099306104253806
265,10.095060238568868,0.8268545207998588,14.045803057733039,-11.100085263860592
266,-1.490214003620015,-13.153656099872771,22.00400737898306,-18.384097009325924
267,-2.09686384745176,14.04586850251487,-35.390919431844196,17.171194414063287
268,8.736662542592631,7.423160220239881,-18.44492005557462,18.988547435982017
269,5.324776112122304,16.00490948894742,6.015153080658671,-27.313579541001936
270,7.478383687621869,12.39992317768705,-16.38140653391429,14.009171035578621
271,0.05468254428050745,-17.657216100663774,19.640051183597148,-18.94804247497302
272,-8.642475923536868,-9.116481635553376,20.575435009764018,-10.547816250950719
273,2.803660581296371,0.8124112409015207,-22.781446747060762,32.43234835507438
274,-11.32486785548377,0.35031207527879066,-14.403249771554082,16.0832655619751
275,-0.8642626613426552,-2.0709237750972656,10.373030501832146,-6.362814650035272
276,-15.94459194921845,3.185919299389921,-17.62832334513551,12.443832641943896
277,-1.6080391230285893,-10.15430056666199,16.509262221230912,-19.16396918971761
278,-35.70305970729432,-2.2402981095412278,-31.321681568383358,24.37161925765182
279,3.5749861871665742,3.162027055850535,-22.607532242229766,16.74505613146363
280,-5.017641615190633,11.273705902401908,-26.648608427800152,16.745580838944022
281,-1.923370673656898,-14.48631454131686,23.946364397789857,-13.854021171712743
282,10.875869644625595,-12.16276847331717,-17.94890464653072,27.739643560393556
283,-24.309239126741616,3.1319808158270517,-30.946215254719156,21.64374463438887
284,14.772455984361065,0.7131078676628662,18.2270112751022,-16.88754208307927
285,-0.636569469487456,-3.8733575926281634,-0.4332708984629132,3.2561986685797883
286,7.113156439190487,15.553531265144864,-26.372966013859166,15.257756442783174
287,-3.629352455783901,-7.095636171275869,13.331317289198264,-21.128445149981637
288,8.605998850679615,8.651178869560084,-33.61555433070394,22.642067214188582
289,-6.386405685250199,8.403105288831389,-32.545032556177404,18.972494458437534
290,-25.061868150111465,6.660259447432785,-24.890747144669938,16.567730148835835
291,-1.5563093018832237,-10.198676152893613,-18.649102300973922,28.712695004680672
292,-4.775997174647856,10.65788552509214,13.972460437834997,-16.935437067359917
293,-7.534365780452793,-7.180729416157527,16.93072911431628,-4.379394651121814
294,-33.37216805718045,-10.213442168220686,-33.69420230191369,29.15774829985598
295,-6.460128662241949,-12.595968239806266,23.01174427068623,-17.500958395114225
296,-3.4698830041090654,-1.1316693013591879,-30.65238006469403,22.347096233585066
297,0.7394524809762302,-16.449638494036048,18.498593321418642,-15.965065168772453
298,13.29601306878916,1.591890975150354,17.261951244538906,-18.715167162073726
299,-7.335044956030469,-7.125333051344908,19.233847595395844,-11.322042782324333
300,-1.3089134051964286,-4.984344792882349,10.57727790294077,-1.6382059490619336
301,7.749035282049267,13.92273955813871,-30.595659072241165,23.934999260514203
302,15.09912045041514,-15.464535145612778,-13.338267856257703,33.74338660531415
303,-10.925815785055855,-2.613092725312649,17.01760616338171,-13.31073008103826
304,6.864242381069964,11.836212251946554,-29.81989278140456,20.556872632833436
305,-3.08965107701357,3.641357195195144,9.430647480616573,-5.767483892813203
306,0.3374264562275113,-5.574880638296225,-6.395553408010786,9.646794592503028
307,6.3694217338050905,-10.895133418066926,13.743923993449204,-13.415344329433742
308,-8.87806764918198,-7.072130275657448,18.368051434309717,-6.957195665138093
309,-16.02990092397956,-3.4011444579316854,-35.21008891554152,19.351881748422564
310,-12.478542718785203,3.4173681147970734,-17.613098158565517,20.054913521511146
311,11.073812198436801,-24.142112664958628,-16.607033398272023,34.85328382026467
312,6.8936534164891805,1.2978676302454581,9.20315576765727,-5.182416082867096
313,-6.870491282825294,-6.676611441594851,18.985564065212152,-18.759008627149047
314,-17.27254637598344,13.736349158914505,-44.845132032806,19.060057424147352
315,3.671228608551279,-8.134512715509638,-11.029901082910847,21.885765455246776
316,-0.5216165697740165,-0.1522538974034803,3.2782186927449026,4.662540386746748
317,-8.673276139792959,-2.5986622549337683,-17.661852492128585,21.545017056256164
318,-2.3324857575411007,6.575187567648764,14.72193205659427,-22.10217130893954
319,7.218030793297025,-3.561870282401102,-21.856898543920625,21.118874151336954
320,1.4951583437551943,-5.797416758766756,10.802014907531532,-16.000576922053444
321,4.162036660288619,6.131547588649519,15.378445872853469,-13.86872026711452
322,10.492482738033482,-2.363828394638146,11.18096109001801,-8.778384937949419
323,-9.5125506950293,-7.848464875701858,19.157299559269056,-13.940086745675925
324,-8.142952367640644,0.7856018131044258,-16.458016140517135,19.013762946035282
325,3.776106183695165,12.691374104704442,-19.263840271502048,14.256534643433527
326,-0.1281046471151791,0.891182343330698,5.962999411916124,-0.09719910964567724
327,-26.71779575683167,-0.2929457639843155,-23.843922523054346,26.36839656264707
328,-1.304856784322358,-15.67364663689232,-23.68529637617665,27.448896416414833
329,3.596255475046699,-0.4488836390277623,-0.9004609349296175,-2.946396982607762
330,-3.538588620362834,7.109722557912961,12.118147179612869,-8.329642728032965
331,-3.958700405224034,4.937230870340618,12.432521908539176,-19.361954870055722
332,-7.534539039167256,-2.6700438318925825,-6.69554544179689,11.972173618579125
333,10.893953670094362,1.052156802779028,16.320686704496428,-20.132213132972296
334,15.244064868171792,0.699471891335139,15.202339568818314,-21.439834789509224
335,0.0824776329967784,2.6229482295254956,0.901747682288462,-1.2354405807498536
336,-12.16703878941064,-1.3712291455899706,18.140466247311338,-16.01602914065115
337,-2.0184826321027183,1.7611080816949898,-18.96349539562487,18.426822921967265
338,19.174561561869325,6.985168002688639,-22.21196643478619,22.319257560877276
339,-0.44779777223501593,-2.2283102190525783,4.953828334584754,1.010356434945539
340,-0.8681671481766144,-10.143119293843178,16.659576744713153,-16.194744527798424
341,-4.474673072482842,-6.83757843794345,19.442429996294003,-20.849641809656465
342,-4.606883706763157,-1.9592576782639657,6.841697069234435,-0.628290725876385
343,6.117817595923597,0.18423387554496157,-13.433128948602292,15.480720495423311
344,-4.020710030542398,-17.22630212815226,-10.931758881818846,22.910566125490586
345,-3.855118403910713,-6.103961258100192,-16.967641230340078,25.061776369585072
346,-17.19931559632859,-2.180765246704356,-17.523274167140865,22.211376791457475
347,1.7071081433818966,3.35657849367392,11.264669345360327,-8.796872341144564
348,7.849769908143982,10.267335503920673,-23.811982651714725,23.29182379409505
349,16.417691404076884,4.747398319526223,-14.84393761594461,20.242121369670343
350,-11.560054293771923,19.34916646159807,-30.494954718888636,10.428794081403854
351,10.518074168774596,4.52443964751602,-10.048188065759003,14.371751930573707
352,-17.351444667220974,0.0014445247944266937,-24.02019499116475,29.855097176604406
353,3.5392539030821433,1.8462284123783663,9.296131938376794,-7.2772759077959535
354,2.7752878756674324,-5.788560403670369,12.362308921607582,-15.440009811478008
355,17.169209162690436,-0.49764725302341334,18.197430769655494,-16.844434591973545
356,16.55343492631321,7.589425745248187,-21.47354810591766,22.982745660101113
357,2.4904807954071586,7.604621481920618,-29.94834661988817,17.822749076359937
358,8.717749343906286,2.400862429783937,17.808348307867142,-17.51673340308997
359,3.4219486812203526,1.2534734807349959,10.824796490498303,-12.915367011462385
360,-7.666340315374418,-4.246357938452826,14.376131819651892,-7.945287884758216
361,-6.282201872355682,-34.48747303586219,-21.008844512140854,33.32727096613381
362,-4.235393880068042,1.562081835501966,-15.165249158888704,4.590868220358544
363,-5.190827901254331,-17.91996322792878,-29.5489629242294,32.373957983776414
364,4.905174435064542,-24.908942945380485,-12.692682441242171,30.294006727401968
365,-24.148069176300766,8.566342519426613,-25.54807636351941,16.18457252432921
366,-3.3691202873912016,16.212665843193783,5.659769790069877,-15.290540208758374
367,7.235574484383921,-17.20962788899153,-22.179538913986804,34.510148529509365
368,-7.87297292792182,-2.9234400562584555,17.13182298767818,-8.974502320083559
369,-1.4333404349081789,3.899656852058775,15.55275631522932,-14.647862356222037
370,6.707852492292992,3.0929012211131504,-0.367408458123605,-5.576280050165909
371,-4.955845041643233,-13.23063784931934,-28.896010935668595,24.775212642876205
372,4.894414786592994,2.419617950414928,14.39190571927794,-12.133437896490417
373,1.46663031213052,0.732236121306578,10.993975087835542,-6.403320648398038
374,-6.6057301108180235,-1.4285506573291393,-11.726530720854377,7.96180964595969
375,7.91873156168069,-3.172554946603744,8.42891457261003,-20.381422758683335
376,-10.820436455878674,-11.138211843065813,21.070249907351158,-14.236750137626133
377,11.634113008516849,-2.8310620037137824,-18.684921513943497,25.88420841936497
378,13.339476538508533,-3.1838771002399016,19.974479427860494,-17.571060464476755
379,-2.838058426539598,-6.431900178793191,-11.151162812267996,15.67036460840595
380,5.584076740037455,13.688805696716315,-14.943434430349834,10.507653927414877
381,7.713589133778459,-27.386821653854916,-11.097467051705356,29.42954744007791
382,19.14903526630048,-2.250684398079897,18.707312081538202,-17.526013301853176
383,0.6468648632837869,-1.049386967341928,10.271353485106426,-7.412155962982798
384,6.608116710157832,-13.755505216784837,15.4341380536275,-23.55220419787968
385,-8.017173590978905,0.4211090450486534,-26.210196850908872,24.028924579603906
386,-0.40271829577899687,-1.5651347589467273,9.253324440487903,-5.173679050603486
387,-1.0482377509299092,-0.9665261139647057,-7.435561204138974,17.970466498132602
388,-24.849724938546323,-7.355556228388413,-34.309236686082535,28.559174466489733
389,-10.178850677442243,-1.6985903880500608,15.667658151858813,-14.574209593136812
390,-3.1623236239748147,12.324401029876805,7.7938986462604305,-17.179958977399973
391,-3.710469404597478,-5.113725773686855,14.869177329197232,-10.947651386081247
392,-10.788940331235528,-0.9066289169280524,-33.09315199151063,28.824972499474725
393,10.234677783682418,-7.006666078506903,-23.143976337334383,26.355661786980352
394,0.7950653935777778,6.030768189916055,-33.92222790835367,17.936555122628235
395,8.156008296650072,12.793362883200299,-32.15290778860385,22.92317778036564
396,13.47343517736991,-1.280134319181715,-20.297618772849113,21.37876929900825
397,10.971800907155163,-18.04583407632288,17.79905738885424,-23.87659312572572
398,9.16911131800042,-0.7399738508595519,17.414283774881643,-11.20612418658333
399,7.321503073573937,15.228901586267076,-32.767351445060804,20.13746009184973
400,18.037635387149493,-29.4308465344431,-13.17760255807904,34.784559327886036
401,-20.902327050253113,9.010254374561095,-23.005183701627708,16.96618588616896
402,16.89175405063189,-7.42406219517548,-23.22440399897794,33.2057158084257
403,-4.196080781931383,-5.099436007821778,-21.325712286136156,23.2672110944178
404,-3.452331727940923,-3.7038542755282267,16.504078851522628,-5.415051171273316
405,-4.514250491161658,-13.030400802271211,21.393234902345043,-17.747821225717786
406,-8.032254728020328,12.940175995638484,12.224358110998025,-19.55390339121735
407,7.8596979103224625,1.9043174163498129,9.109665999720988,-5.916655607279267
408,4.214735602111256,-0.5480978535721931,5.070843238386935,-2.0209275027791
409,-4.893721140558163,-7.618314199616181,19.918563691788385,-13.335977373848598
410,-16.613337572651375,-6.355831901985724,-27.992172473767646,27.145058445699274
411,16.657067432756044,3.4047394791060404,-20.681269230986636,23.293265729495925
412,-8.011558634887452,-23.822115489863457,-10.15969145867479,18.73955975616729
413,-7.510795970008619,-7.805527590410385,18.786660717531237,-7.56784397503203
414,-0.7692181689961242,6.308297978921302,6.682345882292767,-4.7123874537531645
415,-24.725429331476064,2.393942766021353,-20.98906892610777,17.34680351854749
416,-7.989824706345043,-3.9618201651302094,-11.898412428716805,23.251637716801387
417,-2.8053467928600098,3.1891535589891653,-37.39122060412266,21.79795741821143
418,0.5082013066001646,-3.266534728710225,3.0349448352428436,1.384302286740387
419,-0.5103650899131301,-34.5784675892988,-18.653678291397995,32.110259001654235
420,-2.459231563052867,3.7450607451063522,14.979764170611801,-6.541122990883077
421,7.904007220455629,-15.7048856581384,-21.912214193703058,25.689471798260676
422,-1.3004783569565663,-0.4595581068337388,-9.359307353599096,0.38303479074177416
423,0.4987414941071622,3.553964377920066,0.08219581135039711,7.519267922374539
424,-13.54796930853813,-9.218902239607992,-26.665972795799536,34.46534498617453
425,-5.954883505410044,-10.620409793818114,20.622887864901795,-9.827410462671091
426,-3.7450834227624625,-5.099591294741352,20.2042207245657,-17.48171876949108
427,-11.273608676121032,-12.855857789194841,22.900036051582568,-16.691493104204593
428,-12.748782399473287,11.150110270437265,-22.49959516156707,5.254028248999596
429,-7.171892436989911,-9.659673344841627,16.819245774377894,-7.268735511982467
430,21.35365980349252,-3.683192256656561,17.40542249942734,-16.84395621931911
431,7.8393519142079615,2.6647452240830223,-31.153862667345244,23.590589913139933
432,6.416279218761329,9.383600472421922,-19.883181709339095,27.390038054620156
433,-17.027631612153613,-3.741257036136816,-23.400375892086107,33.412235111509396
434,-7.925099239429661,3.433995497572036,-14.689851196062458,23.04567197287595
435,6.520920232767067,-17.34747665201794,-7.605772863632317,22.339260737379725
436,-4.162180044961466,-0.5759552924895175,18.688169173918062,-11.070842032871122
437,0.7831748609083398,-13.835455088088723,17.498827861386953,-20.68827127499371
438,5.420701080633647,5.145828921400589,15.530143117910189,-12.922617615227965
439,9.200880283746075,-12.76392044897468,16.071613074303134,-24.074857007531133
440,10.251768365369985,-0.694219943500173,-17.595330290991363,20.025453349114187
441,9.451312776910129,-6.480565988666141,-14.587569388821976,21.41098770569026
442,-0.4286201537321229,8.109291963558672,6.202044967795409,-16.810388985132693
443,16.295158560300187,-14.423584545219226,-11.709201247685108,28.058138321709038
444,-4.348562252731099,-7.797568817651437,20.44479280965517,-17.380827446276072
445,8.302416049050134,-8.17549412179711,19.824963295945892,-21.802035536790147
446,-8.421858421250604,-2.174201212437687,-16.47185082879214,19.274745469806565
447,5.695628407286899,13.058217754063222,-24.682582489859804,21.204654698179706
448,2.383761586656693,-4.715858810516873,-28.87463960051689,25.377031224581852
449,2.381947571722903,6.991693619165959,-17.309949578028377,9.142695847358555
450,-22.217794472223957,-0.44407867806898893,-21.104295926190627,27.79909862206837
451,-16.681446362929442,-4.189738724457049,-20.871613485552423,27.306878248604157
452,2.5556404741455423,3.1689849370172745,3.6047718756239706,-5.165692109150962
453,14.577601206385554,3.402951606077267,-19.93726558107076,20.594695037967426
454,-7.157105616037867,1.0134674582142864,-11.065767440019895,16.629439863707425
455,2.913467166850928,-4.955932407645461,12.915152507401025,-24.723777748831278
456,7.125689027317716,-23.291091367031996,-15.061313288180635,28.079819401517273
457,-0.48828929067611637,-4.819101500450099,-1.8976550412345174,4.220683913088441
458,-7.216768087729208,-11.919665469377131,18.797542803551444,-21.585130599144755
459,6.599859904284731,16.413689771342717,-27.21941422808503,17.502812864753995
460,3.3975539295976858,12.549738553176416,-23.227239346133775,9.411353033913024
461,4.619495519843376,5.9737870667306865,17.750415644559023,-15.378290505572691
462,18.595360011562313,-1.4436134144256036,18.24535237827369,-17.97149994497524
463,-23.99737576472816,5.417137968303016,-25.681013661657595,17.247010799304967
464,13.672325736849233,1.7997971375107784,-20.552560566301345,23.619282129049715
465,-2.478518424429311,2.0894858239376393,-17.592545774975697,26.2245086866648
466,11.835932513245986,4.947396170549864,-19.65976306670565,19.97700639452304
467,1.4319970747195487,-8.794534935145164,-6.03378595380428,12.712226689550898
468,-21.37148919669967,6.1369929986593785,-25.75961442033093,21.98040330955057
469,-2.992652931062482,-10.021976859806665,15.494373125037068,-19.625011256306827
470,-0.20918235976704236,-0.6085409366262926,11.206783015390492,-7.6773388737547315
471,-15.258970349904608,-10.854689364293234,-22.71011828889738,29.71548317097025
472,5.658281685757671,10.850695661947825,8.456430908571225,-24.50549465910542
473,-33.12240694995069,9.180199593551004,-45.3258543398897,19.76398511548871
474,-4.470468743113497,-4.833044559876187,17.798741668020938,-18.586563587905736
475,0.524366220731455,-8.235177800822704,-29.81266755698147,24.82751968832683
476,2.146285373846431,-9.158639886030661,22.02987085907894,-17.937072854988454
477,10.779925459927487,7.251041372655214,-17.183623328328938,17.232225684553892
478,-5.6924239447756,0.05622729479928684,13.214694958603559,-18.093184936328925
479,11.29317686345145,3.815069587626213,-15.150748148461236,18.48985668774971
480,8.169947866574924,13.057551915642339,-29.07084269304344,21.193626262880727
481,9.450661980133933,4.802960086877605,-21.59270490804901,18.1171990824871
482,-3.118926148302616,2.4328602866729168,12.599228873207657,-21.177466686954375
483,-4.5650928478475326,1.6112551649128968,7.537346184543827,-8.815109345351436
484,-2.838985484723285,-9.98530150999886,19.505998075638516,-14.21262235335812
485,10.51395276021382,11.237798134744839,-31.02768584690409,25.44195072952864
486,-4.425302634435798,12.331316929146183,-41.71926058890276,20.09424980312225
487,4.831494506625404,11.563258404221624,-33.72379852316242,22.296901813326002
488,-11.741604813603882,-7.102427199826374,-20.320563637769375,37.50586119185413
489,10.961801276887924,-0.7326262662377472,-18.51337616699544,22.80715177181976
490,6.353498866405488,5.065814767054591,-14.974861144603324,15.680556466989316
491,4.471742039023715,0.5249471145779911,14.662724667411592,-25.43296319261547
492,-18.55924225574747,8.403539839423262,-20.379893364128403,18.415531520567857
493,-2.891362145366095,8.991652234902975,16.34140382082533,-14.020235552882815
494,-6.060466371410984,19.998527984801974,-35.273157998795455,16.521440150423395
495,17.556417971495343,-1.1459693700494393,17.81212018156195,-19.131719557511747
496,-1.0626139613313406,0.02742927717614463,8.363119877738795,-0.3417204574882926
497,1.5935179982793126,15.404387625021634,5.823381987797244,-15.828918086984222
498,8.476981048130202,5.155885219643443,-17.569546754124275,12.856210102684251
499,14.500848031698803,12.71748840903613,-29.253365293053395,26.065536185703902
500,6.296919834298632,8.110318975141043,-23.056390737543218,14.532589057324387
501,12.633706465638635,14.373715509993021,-29.592202419961385,23.84658252003794
502,-6.709672675083068,-8.039002745823328,-17.599095446367922,32.82215890696482
503,-1.1685761966503263,-3.6322195391476177,-3.3803373331529434,3.4282353516198287
504,-0.2126790946044953,6.723963481313222,14.608717166336636,-16.04891052591979
505,13.253096067252596,2.393717043470994,17.074306212773298,-19.133135282582323
506,3.2087803425395753,7.795378457320617,-29.97169165379612,20.486085148012567
507,9.449785331631569,6.2358668077176445,-30.7520698301219,24.052427075192778
508,-27.89433875212412,0.5514633885531923,-30.87377568273366,31.086801998021254
509,10.768075961439722,12.271460537776418,-21.78906505112581,18.58657981360079
510,-8.956950264519175,1.4809617989981907,17.234710644556962,-17.9952614851632
511,9.705572341906844,10.646466988334597,-24.308245963450805,20.817357469608368
512,-6.214727618970578,-1.247957852652704,-13.225386864139423,16.462552455748433
513,-18.71310294757602,10.70217049493429,-45.331983062377105,19.147607751288557
514,-1.220013323305018,-2.311788604216868,-0.23851308564295515,5.647063021353615
515,-2.3291745645610624,-17.59716030836092,-21.045860448730465,24.404512062834264
516,8.128264801856853,-4.007487057582176,-8.812026093513738,13.529838917607394
517,-8.908196423116529,-7.967781685365343,16.046062781199293,-20.259157195832092
518,11.314056295548847,0.47578400428209583,-13.21718731724712,19.144324341238963
519,-5.401252226143707,11.952686223470694,-40.492192666766044,20.181622466934005
520,5.954215918548912,-12.461480733397718,-26.57312235019594,24.84716879389731
521,1.7735880974229192,1.3085551531778725,13.543191080866002,-4.940057964663186
522,-6.190323111873034,-9.050400656494313,16.43564150385136,-12.43536753339069
523,-28.589837384314514,9.973905622400347,-29.34680424354416,15.116128203388048
524,-14.214187417488018,-13.796396074679128,20.09950350409837,-17.61580671979954
525,-4.486809844491116,-6.263096357794194,18.709679252812087,-21.909019399107855
526,1.447434293686113,-2.070959688965519,4.515337203929937,-1.0478953447037092
527,-16.7239932485248,4.646459761329261,-16.16698126571526,22.13660614708839
528,0.10612625694019567,9.978666448906242,-26.458281690175177,21.926232510238666
529,-9.531390873350748,-13.431337615078691,20.271144734256005,-18.33575296787523
530,5.641900893326735,6.059386443483291,-11.454128170091066,14.868668824264438
531,-2.984896171264567,6.438392935088728,14.178391907261052,-8.069462634551376
532,8.427870099001172,5.3876786307149205,-20.536590027507284,22.78371284276887
533,-15.409162370156704,-1.3755678918365488,-14.69962342478065,4.801084004141623
534,-4.166179900021966,-11.888554481275385,-14.191483986135172,17.18290631250551
535,14.465692107251488,5.991257906189548,-14.977416690696506,18.12380421405352
536,2.2722430110540195,-2.768098586819629,8.435204997129045,-7.797774754967664
537,-0.42826179289491473,0.5105480285643476,7.970183543950483,0.7225672356501032
538,7.672666027815837,3.765786113069579,17.28194385168561,-19.351118141817032
539,-0.35970832826203847,-6.863860450649235,14.605544854723163,-19.54935340542033
540,-3.3275001483987636,18.01476039228303,7.695590397742112,-25.95418091424421
541,-16.78066869411984,-2.8853939136795286,-17.062885832044444,14.114147339871245
542,16.85142749319605,10.681108465221412,-27.293577307955186,23.9410955244512
543,-1.2644005246074905,-0.6580026942719321,6.124929492509693,-5.719542732605568
544,-7.15077682730566,-0.31616948588344307,-22.28423071055527,19.49775475415994
545,0.06232408241484244,15.000378885491013,-27.226897668671462,20.9195750031877
546,11.727662924084607,-0.7216895069905129,17.811621844879003,-13.690037964260517
547,-1.526375487412961,14.706693027134378,7.293592812061469,-27.73488962413448
548,17.65444111581538,-1.2637765699256365,16.79156960081915,-14.990522771460425
549,5.790116130595681,-0.8812816603606779,-13.19745477335519,16.120146641341243
550,-10.948712884265788,-4.754755281467951,-10.933501016373421,11.397806350509523
551,-4.337860954318189,-14.04869075213483,17.45463375209285,-21.399306452943396
552,0.5167691978976987,9.733644696475988,-18.614460767338787,8.973277025300645
553,8.804421560376353,-9.20436083787776,15.372529990119705,-12.76088365301184
554,-10.661414666690375,-8.089211861560702,-18.911081503377517,30.880535145288523
555,3.9295185799412984,-26.307619113344202,-20.997935778167438,32.27198248871193
556,-0.9914405711037828,5.23932221939194,2.3450213343104633,0.6518695540112622
557,1.8150673509607524,9.071786238341833,-24.889370981853947,19.470316457292252
558,0.7588989069602483,8.616686042127307,-10.640975680223914,4.534754956365187
559,-4.672496175888779,4.918285972991584,-34.06071906702164,17.52999555004488
560,-4.283181135711525,-4.507519670936653,8.35308199197159,-9.115583698172399
561,-1.8509118033457752,-3.0120618676367084,-17.51697605273384,16.360070014423865
562,20.2834077039319,10.978798091759591,-25.454806347044965,27.596067530354613
563,1.566538023179044,15.3615359124959,-34.22849888964562,21.25454773413582
564,-2.6332651574826755,8.687972510110294,9.74995237739948,-13.191090540580111
565,-7.815786815604653,-6.949976702374854,-16.538556936594155,32.42323398940853
566,-31.24159637195634,-1.8498068468067046,-29.85391460575638,29.486582996544122
567,-3.8129929983106168,6.449263802635095,11.896376851763096,-7.382934191413268
568,8.843845057761202,3.5607266069242125,17.520723216792117,-17.9689699988498
569,-4.0847398504779315,-5.707620667229836,-10.3557488215078,10.937187118672478
570,-1.4067402817618135,5.312917625202029,10.010345313019004,-6.168276343694604
571,-13.447965216043926,-9.976813317605572,20.209708444810794,-18.02060345659685
572,15.574970058576108,-2.1040670541456494,15.332765843657985,-13.684252083832442
573,-10.716663434415384,-5.70543800072308,21.161734238263918,-11.814883833810665
574,1.3363343432459374,-7.932523862581692,20.914240956739793,-10.717653274211392
575,-7.637291805377009,-2.296109192433647,-37.17391624232432,22.093341093297433
576,-2.8005618521976046,1.5567025095915967,9.825739116706043,-6.951311473627246
577,-2.4228057361489173,4.8522481288053445,13.928220778868884,-21.721521467883154
578,2.026429766193297,-16.794410539679163,-10.67276043774163,22.225279358551695
579,-10.586858646583776,-9.017717488416185,18.986949771644067,-20.124574811528888
580,5.437962756476955,0.1255635026966085,12.284513862696137,-12.748356347116376
581,12.729025987611992,0.8152496093319537,17.586214279219504,-19.10737841471716
582,-7.995236028809762,-6.849300010082756,-23.344273858598555,35.48277433046409
583,12.095074881913183,-1.837828848585462,18.613495154320194,-11.151102873086632
584,10.47627825373911,3.2285240538657134,16.776596762772638,-18.258199785828253
585,-2.2280061866337846,3.082612421175879,6.975422253357316,-2.2671418524644635
586,-2.5572034912445307,17.238310248675976,-22.318071060571747,22.02698919176845
587,-1.9888138601922343,-4.587402143997603,-5.4904616266157085,10.41841455402131
588,-4.288727371502674,0.33034703149574557,18.09555840245138,-14.185894427205755
589,0.595854538141538,-1.7476196686870824,1.7082026966650523,5.116445244520206
590,5.43192316128256,-3.4407710856197604,-28.524526833502726,23.059086664669472
591,0.3646435489413542,1.4482390730904442,0.6057780120320992,6.695361549406163
592,-3.6253520965972443,3.5730225706094,10.42206443347297,-11.05516995164171
593,-24.15470279555398,0.025893035171622114,-23.92941246307496,25.28236528262403
594,1.9883596503293324,6.699036161358628,-18.362964745191107,14.942974074673641
595,0.46459945706442723,4.365262073921185,14.468234902412828,-16.805162113925178
596,2.24629604897686,-16.98962684972745,-28.1401190290728,30.8056761209886
597,5.416319887682556,5.244732733908116,-28.08560788523483,22.541194658284233
598,-7.396466772527849,1.9852476543244555,-10.112471019074068,16.026203095960216
599,-10.905454754401488,14.732472564734326,12.895225530768567,-21.636266964212492
600,-0.5212683623653459,-3.224431287874466,12.380802511395217,-18.4511994576231
601,0.2561987115073363,6.248249298958868,-28.42609269396265,24.562480573103965
602,3.6503097519831864,18.373502656850718,-26.90307659538374,22.633745990330283
603,-8.962456809842266,11.815697213487715,-17.963786077331182,2.742234439537703
604,4.516361101062578,2.701705715907791,10.146699872785664,-6.252061062208048
605,3.7590427528315042,14.9653628816134,11.536636469494356,-25.38179888696129
606,7.433259735610173,-0.34710130025341385,6.640852795081942,-4.12254994378991
607,-10.772122733374177,-0.386771339978628,20.263392625492667,-19.665737449213367
608,-23.222150725331588,9.938643323806113,-37.559961341623904,23.18394443373271
609,-1.9257633640361669,-4.2007939715595635,8.305318986706226,-4.069292457573502
610,11.978587539721639,-5.418093524135576,-10.374703499733496,20.3850048525059
611,-0.5859985937707939,-6.078233254595135,16.999055534349083,-9.402577131948531
612,2.5279484640002337,2.2373836476976376,0.24179709013791895,-1.2771208900013895
613,-4.2502820553157274,21.445564813079947,7.771108141599443,-25.297593771239235
614,-31.848350622122645,8.531368657420133,-25.9577878185906,15.728652253812745
615,1.2691100179890116,8.433233573947042,15.278726067482818,-21.58979697653006
616,3.487842625455431,2.6554895075569815,13.38476738657707,-6.172106775745926
617,-0.698759827371068,-0.2538914699369609,1.3516210811877278,-1.1151204433812691
618,-0.12272008620034691,1.3921841295389423,4.66511561917163,-0.7643431956586606
619,4.231378514193118,-3.092315907458614,-5.085865959313446,6.63711330191107
620,12.974817380329393,2.148275540977308,17.816660847633447,-20.160055353570097
621,0.5483701131127818,0.28250527895687266,0.4490253072590833,4.2532809897302055
622,1.3198190074817446,3.8000280415505516,12.921149432393467,-3.33242641362494
623,-9.314318299801108,5.190486063644449,14.422540550771373,-18.33433033560189
624,-1.311197100528953,2.897324427539165,9.302013561174926,-22.201408129567263
625,-4.455794457309418,0.9890571194536806,16.872220082684958,-11.003113367936926
626,-15.083001159813882,-6.443199199355614,-21.907427966789452,36.506929928625
627,17.388634268440065,-0.1518049111080839,18.11594418569405,-19.66424522995183
628,-2.130308495884286,16.110349800696746,9.234741679309472,-23.09841348439137
629,7.682542894317779,5.4129768956969935,16.22469649840084,-21.359700079426897
630,-3.895858219942328,9.934388044664376,11.255328048713132,-21.606147930655762
631,11.778279679388541,-0.8014396510306908,19.273470573817868,-20.370396631665663
632,-6.533432642340994,1.051393218477762,16.732883446169836,-5.84152523387818
633,0.10113847663567538,-2.63236860647027,-0.29176706700823685,2.0227643730513165
634,19.547810176417038,-1.7663358041483281,18.64475440015375,-19.77181015831169
635,3.135358418425466,9.782127474132094,-25.35990801878131,30.869526577697204
636,-1.9737550939658162,-11.952914065864503,13.985501825897991,-23.732819418010152
637,1.9480854581658045,-12.883776548893591,22.313396765333387,-17.019208803722563
638,7.71451774563279,-2.297625313435234,-11.643704867442448,18.908701247457607
639,7.750819961858186,1.2255634894396636,12.825139093060038,-7.913338662891583
640,1.0954045570165614,-10.735834913927947,-11.049723760194244,27.85983246879264
641,12.55714233599446,-3.346090698343478,18.005869692734912,-12.223929715995899
642,12.113847648627674,4.667498557765038,-28.089742865454962,26.75657346028065
643,-1.0131920885103685,11.309915374582182,-33.2624821367403,20.05399150870396
644,-19.292961709216634,-1.678916803488081,-17.940620881387634,12.55579273217847
645,-0.2091038282137192,8.689625243397662,14.84153278094897,-14.452882582992684
646,6.547190339446883,3.0631187751958207,12.870968602759003,-9.061793445790817
647,8.138200696364988,-7.83581737501862,13.39282211913288,-17.037623409629326
648,-8.058357656755879,-11.650613680520664,21.902044659913646,-12.150215829011742
649,10.24940369490238,0.5464113826341515,15.445890245563582,-11.290136664491124
650,10.706636425582719,-1.7832705219427674,6.023768823757443,-7.262015241362196
651,-0.4003866102932071,11.507475437507269,7.563443200912133,-17.248412099978072
652,9.394949578300686,8.157110083389014,-13.819112673356209,20.93542881121616
653,-6.976328167118045,1.6412653842872575,16.027557379276853,-23.854437473960214
654,-5.532865130115945,-9.68917730103411,14.840378110455262,-13.233142477324185
655,-4.790737636201554,-5.070164416661201,-16.14456227561067,22.50700707739325
656,-1.5862911745491286,-2.6396016519391807,15.506303910016737,-12.806267209194209
657,-21.668229562279123,3.831591738252315,-23.385031937582536,17.510221260969054
658,-9.308068844835496,-0.9560041070341467,17.48462025345207,-18.986515791013268
659,-32.98053795820198,-1.4003233512400888,-30.4839840564581,29.28078230016111
660,7.158510223162992,-20.792859738070085,-4.838922885988995,23.987945772417362
661,0.6605350920178719,-2.4867112763093076,16.9980254845315,-5.500853153166508
662,-1.2567357388787725,-4.864299796606272,-3.8825284942219236,6.4679595858220775
663,17.255362475930433,2.2989878713477303,-23.54085260473484,22.93164687415431
664,12.278616192199019,9.644890876995108,-21.436749887338966,17.538960815362916
665,-28.22480726055059,-2.585848391779076,-30.057077531377153,24.11310874270351
666,1.8526129859437215,1.2959599729667854,4.2763634120287914,0.4766654579588052
667,19.199214971611774,-1.4691780429910255,18.103953584652174,-21.188259344429984
668,-1.165198643822012,-14.516087913780401,-22.90967680928905,35.108444894228214
669,14.849200440991542,0.00198580352454214,16.44581017489298,-13.8219035605705
670,12.009183417141843,0.9938788132848273,17.906732370927237,-18.548421939849636
671,-5.139198122723415,3.5983190939400993,-17.01118053347478,22.21517031651729
672,1.60292520626613,-0.9750177354946876,14.74943403871707,-11.353212977846455
673,1.615208270438459,9.189832687261415,15.336297906295794,-20.9613200708341
674,-0.9460464911785063,-16.69838997456492,19.693318849578834,-21.59980809869483
675,-16.888260224649564,-8.039837215003393,22.109200100315793,-15.934905030410695
676,-8.458641966299457,-12.89536580418635,19.15742041262301,-5.602649509175958
677,1.4977541605764133,6.833748352617566,14.082625342987132,-24.39692000657444
678,2.3378719130461487,14.470958978662777,6.608195766226615,-18.03186633289359
679,-7.463452451918277,-3.674001214416478,14.320849248459556,-5.444902714732255
680,5.695025397152355,-16.326924988734145,18.661052981810258,-21.056216448680374
681,-21.76053465012317,-1.4989223732521297,-23.039787616914705,33.67597343469402
682,-11.667375961029771,-0.41561043713154094,13.96855148483877,-7.9320402582153005
683,3.2145422395363576,1.2298158795000065,18.9441708499763,-19.182738433704145
684,1.4143687854006417,-20.213872248786576,-19.543191852710276,32.887463351616006
685,1.725680971841374,-0.05620805811206753,0.5458665792185342,1.8154860147020009
686,2.1536932908138553,-25.29512866687785,-23.572250024623003,30.65795767893104
687,0.5897658204228402,-11.32351498588488,-23.350083760907694,29.652374483067327
688,6.032338014051817,3.136817235409148,13.248218695764354,-8.254733008932346
689,-0.8166753266524771,-8.00647753239537,18.186710404814836,-18.92375616010473
690,9.644221907215043,3.6094889285597995,-23.770533341832415,19.80887453529355
691,1.703978821080181,-2.74731148739287,10.958289260791279,-6.57359888734735
692,-0.8539796088215179,-14.492262190801803,16.90762464706441,-19.00694057520985
693,-12.311655044098659,-5.54196780254049,18.399009732424183,-13.660529089225305
694,4.245492087283408,-0.5482838731370345,8.143915586490166,-0.5276433410633294
695,19.086526572996974,4.744476404166158,-22.7439129856276,20.643332404660345
696,1.0341314220157045,-2.7001955000480935,9.460264784449151,-5.466078684659525
697,-16.97818452224267,5.879030605204193,-41.651354708050754,21.30283826040366
698,-24.066557375221038,3.671396805884318,-24.76403561027701,19.650348947455083
699,-1.112325929029128,-6.750501680152699,-11.348569886312022,15.878667496297107
700,-13.487349187055356,-4.556553653471324,17.429954446639943,-16.049431133012252
701,12.876729527281338,1.2285316702686238,-17.66262739499557,20.542143621394683
702,-2.303613757796222,-2.06727057536471,-6.914060370061961,3.5360483709037043
703,-6.287677646127912,-2.455472576876739,-14.447512546640723,20.462022716954014
704,5.51778630439336,0.19768331116304866,-29.539399819140648,22.383480176575883
705,2.8077497313635384,-13.754104136436856,-20.829222071236252,35.42106384952292
706,2.766124212762746,0.7343416497713167,8.39238570390635,-4.242247455554791
707,-14.238656274813357,-3.069589071913509,-16.98185331963038,18.451793486152184
708,-3.075593957578895,14.354578363257316,-35.99045290333814,21.920319519223824
709,-9.694408649745968,11.0464849217352,13.868610388481525,-17.750868966731527
710,5.061923848074808,1.1466204278860992,16.96394088178411,-20.366858904356672
711,15.393017043255892,-10.375720574100832,20.60082270733561,-21.31728123519438
712,-8.660784543474136,3.5095208021640754,14.784786577846322,-9.879697551967514
713,3.918091106089875,-18.467380134129126,-18.865107099885247,38.69330038504283
714,-4.17747712821982,-1.6284502453255414,6.863919330560954,0.4712040396953401
715,-4.587069827424199,-16.11392394879252,22.487599474214228,-12.815662100951586
716,-25.590174461064898,-2.896630479922802,-30.01712948728335,21.888197763530794
717,12.108630774533243,2.6634641428299566,15.877884285599556,-22.759024400820657
718,-1.9140161572946277,-6.492261301673739,17.4571998713653,-18.87809214085655
719,-7.415318871063524,-8.369158794948865,-30.57414936603474,30.55654943319433
720,-8.658553407259967,-15.39101100968833,20.45575216723301,-16.717169534416403
721,10.065313023535712,4.675216527177761,16.08741917331736,-22.729590340933992
722,0.6380449508283959,-0.21030385385846634,-0.48000664465526643,2.3352343460429084
723,5.052304055504925,12.777571510576202,-19.53190227436975,18.023261813883103
724,-1.3188698990303405,-5.511190056258272,3.1013488483851375,5.387909949024741
725,-7.967813596487726,-10.740633212798686,16.4428743168822,-22.055592963450433
726,7.936876273245245,-2.151940687853572,-8.928255272909535,15.285594850331483
727,9.867443871460848,9.27850610237053,-25.32722940043703,20.199052797110557
728,16.102914499223367,-4.234907840587784,18.35832629596026,-19.196464954579067
729,13.565006149357908,-15.340619013758586,-12.40675546717171,29.73034783138684
730,5.927106135017029,-7.450931451339685,-5.296654200153099,14.281143622255044
731,-1.3689712302093953,1.7125659231531192,16.24835887906924,-9.10810649483659
732,-4.619864757934906,-8.353772174514882,-21.415267687575152,37.51349938974497
733,-19.973515468677036,5.0812810724037165,-27.598826106717254,27.0315557057814
734,20.474424845554992,1.1103063043030945,-25.885082633014857,28.1332830534846
735,6.997283288046237,18.75693335327793,-32.980595932528885,21.13122576793608
736,-13.26553205743419,-0.5873617834321029,-28.395213340373665,29.13564913899145
737,-1.9168161653277251,9.977704790683742,13.313718022804494,-16.046352257781177
738,6.342900184974539,2.2260645112564394,-33.22560047572271,21.918613846268116
739,1.5754752690180116,10.960901665492461,-14.3823601763306,8.349914648159274
740,-3.6926429098435456,-17.06138785782311,19.8996561094245,-17.3831736104082
741,0.6029761784640536,-9.311997435191191,-25.245810920037258,35.11488884206594
742,7.016050045350047,-6.064869585538103,-23.947475003030547,28.219811885867777
743,11.869830796263775,-5.919176988519069,-19.396713715623378,25.19005470305994
744,-3.5955699501218277,-0.027753582160778167,-28.396829154161164,20.393581062134334
745,-3.766590797422201,-4.1702934383517105,17.04989508531074,-3.1798350415500702
746,11.660217347492939,8.737025834714245,-25.96745467338181,22.507731975868445
747,-13.839107874457552,0.29746637692222894,15.367313818058712,-16.96216148508841
748,5.838735609446644,-12.632312617798558,-23.746595207741994,32.29992071221216
749,0.570590866743156,0.3075502767743062,3.1205564097379574,1.4506969985198812
750,17.766080884768456,-1.5881890681255957,17.3028260884745,-15.446362942354972
751,-16.387623927604913,11.212078273197477,-37.84712456352671,17.31496344172153
752,-0.20044375454516405,13.696108932185938,5.206811610138464,-18.167441877534102
753,-20.128067967191576,-1.3627329759080193,-21.195779703129617,27.444357100420927
754,-13.577727699029932,-5.661497092933632,-31.034955195899208,29.62527798868775
755,-17.03925227203014,2.37071247976147,-27.06037789418885,33.51353389373579
756,2.2855738818822378,-4.006963853368237,-2.336441273311862,10.5175201630902
757,-5.770388724755302,-7.009191391636446,21.374364387302467,-12.273711525109782
758,-19.510349794720213,-1.622697530658199,-23.084006439476454,22.481398367408776
759,-7.03214289661611,12.618552630325548,-26.117068628545276,12.293376203837518
760,-1.1225650676122452,-3.933785754664442,5.337557136416294,0.22707680503341576
761,19.44078419977061,-3.5309386760210173,13.212663407233752,-12.44665164343073
762,-13.944530356527574,-10.331933803536188,21.75308903627414,-16.837801469225155
763,-6.417633534255685,1.4026037612570281,10.61365845755737,-10.359632407983613
764,1.037400397170777,-6.420598067112525,-15.26210405533476,23.500003370664547
765,5.054360856629305,-13.436440241142359,-21.256039983201777,27.221859037446443
766,-5.962271510199864,-2.5378016264626564,14.371726840569572,-13.205863050359087
767,-5.5908405828243,0.2239819561528547,13.368663911201462,-2.421060326560061
768,-8.756012304966644,3.1750932485886545,-14.94201498552762,3.6239212749210243
769,7.283593577313411,10.714944706662868,-30.305883524594528,23.072676232840884
770,14.866261992302789,1.2382568307793094,16.44828793934653,-18.471882121685525
771,4.674623648388674,-1.8692717936083167,-7.13397933543826,12.191312140133174
772,3.253789598679639,1.7006062842657779,18.360909473517747,-20.3276892025582
773,0.9554775744380201,15.301047229938563,-24.531860351673952,15.698521236305815
774,4.793078854024652,-2.5779842439762946,-6.452524829444712,14.7112710042398
775,-1.7042548448446206,-9.749631386637242,16.952044042880015,-22.91500371245279
776,7.966291358096129,-21.82911527621188,-19.21073759223979,30.019021146864603
777,-1.2423280488729989,9.173670472577106,3.45947040254091,-7.295641589692817
778,-27.869689032421263,13.95653660919558,-42.8404057541737,16.931344955964885
779,4.205522033354251,-10.85064694037042,-4.3299082924098755,15.2149552036213
780,3.3566923936862674,11.403321753458604,-34.01951261721229,20.338760509484754
781,11.700556727573632,-0.4207353789440584,15.872067003856536,-12.477880735649668
782,7.0921490247730725,-23.297365214810917,-13.595013277761232,29.40984237296064
783,-2.4328892527506927,13.539453964686183,-35.468348563884206,16.706151121498138
784,5.59678489326852,5.616217979719391,-0.4588611702556076,-7.464439100723647
785,-0.49605237622186704,-12.158074534105571,23.175641181095713,-17.283137018958175
786,6.0646779306318495,-9.45025924669155,18.579330141275577,-15.790806759944756
787,5.440180411525548,-12.946119217306112,16.512601410567534,-21.34211042119235
788,15.973955019335078,-14.473453433033983,-14.668933071744616,28.301163548928827
789,-1.8561455011389216,1.6512870803716557,7.220108079438301,-6.236269130297448
790,-1.782306514241129,5.955147374483702,9.972137767022268,-11.49766791883053
791,2.0097988365010924,-1.1210363972386774,8.234694928318834,-14.879133155477858
792,-9.130687950347415,0.9339227060169615,-12.93851109318127,16.9456388058926
793,-30.390430246066146,-6.229730615665183,-26.47568045708243,31.62127127233356
794,-4.420357627698031,8.152814033398444,16.204766473085307,-20.89998361133987
795,1.3980149293864763,9.9861028769052,-25.069494811955206,31.85986692527881
796,-3.8589146473789704,-9.879985117036044,-23.70820721552444,26.106717411364862
797,2.500723117543784,4.815440142758884,-24.24465120457162,19.41332082606014
798,-6.408055051411333,-12.407912673271282,-22.160269158763512,34.525650489528616
799,11.615934881474562,1.8507968231436898,18.210396708403074,-17.52863316317271
800,11.867079231559412,-0.7333197591723726,18.512623212498173,-13.964870929693218
801,-5.258492997583893,4.572557814654166,15.5971452160274,-7.096721976741691
802,-28.548216354699584,-9.598746834565269,-25.878860728298587,34.90102217712044
803,10.848236294693844,-1.3141434498960411,9.48261802811741,-7.627223904577862
804,1.082429934922408,-1.4091690447769756,-7.001638650302516,7.835388296391317
805,-10.274703418726874,-14.460390956859591,23.96036198381012,-14.093412111726098
806,1.6532256600008526,-1.2065775792174929,8.023318248991371,-9.075119449733794
807,2.86548865569414,5.9254177353965645,-7.820561621252641,6.415092881793312
808,6.103216817248137,-8.391301957535907,-17.474296988939834,32.20061412786468
809,3.7575044631302754,-6.005220217752479,-28.586809997257006,25.257996130538864
810,-4.83597986007384,6.096578919900006,-21.08279803726526,33.62829281381557
811,19.048255075052566,-1.602278923645968,18.30331199460465,-21.793236477446314
812,4.293327898820852,3.998183668377454,17.448259387233936,-18.46095504327985
813,-0.5987852352229258,-9.305933906280682,16.10355957883263,-20.549876139732483
814,-11.516319435152134,3.9997984715929418,-18.288275258870218,26.844525596744226
815,13.229136605187845,0.44762711315837006,16.318111302593913,-11.532110993967487
816,1.914336334217588,-0.34429763559049403,-26.16899576432021,25.539479615710782
817,-8.071330318532384,-2.4089644563143096,15.547570876444617,-5.033636710391974
818,1.996864915140392,5.216391460179834,10.910014152832497,-7.268740031333165
819,0.3196768675696966,-6.996738007585368,-7.9577469658491395,9.25894056825111
820,-2.093876933066807,-12.14879885465564,17.320432016524233,-19.719249990160193
821,-2.6323461657168683,1.893468848537745,10.854003023703408,-12.210754967826627
822,6.762835902248152,0.17665966942693584,9.83999099734939,-6.721177682456942
823,-6.068180923744009,-14.499717302188424,23.463744968882754,-16.185642994231955
824,8.391130852531663,4.618678783942154,16.63941974242518,-19.23042890891779
825,-2.5303951922615164,-0.6609064694919509,-12.239807082990927,15.958526789488287
826,15.80592651848687,-17.702653096814387,-13.242654100932066,35.19470065039166
827,9.883186101387341,8.879587673768015,-20.238712549601832,16.747548242562726
828,-19.331641032211706,-4.18058361882518,-27.73416139722139,20.29607167859671
829,10.607878592736041,4.0558483208191465,-21.205443088470577,25.302401828835382
830,0.09121775152135975,-13.746449578733813,15.935270956368683,-12.516737087455892
831,16.95049718021236,-1.0641905621746544,19.35259688856778,-16.847960862706355
832,20.38573292864953,-2.9620538796203686,18.188540927562332,-18.875733835039746
833,2.475204850918798,16.433008571723462,4.291238015288414,-19.628944280374512
834,-3.9368305182026733,-3.7353770868243674,17.475044014389077,-13.98507945847812
835,-24.841361906708038,0.007161186846815715,-26.990747227037417,26.449997666783396
836,-14.237158724479455,2.574519461954779,-16.813008972165726,19.836909813334227
837,6.245110049993298,0.8212051596973236,-8.788101259769379,14.125438355782197
838,-2.273228701951202,-10.198918652272502,19.129451310231698,-6.275264855503217
839,-6.7812726242772365,-7.613644515962378,-18.990188144679067,29.31165867286158
840,0.21423292991379822,0.26563627249060046,3.258877061981942,-1.5555289196122524
841,-3.6499753055793267,16.79189024501518,5.289301374722694,-27.073028462965294
842,-5.816521480450685,-1.3413012201346382,-14.705795162383048,21.926952043841553
843,-6.879777522204013,-1.6260586507771568,14.213488163012137,-9.803453869112692
844,3.0965183052975216,-13.297965353391875,18.911581633011814,-17.76133291739884
845,2.6740442798038457,2.068487037710378,3.100232103008231,-5.187010318454568
846,5.646390769243869,-1.8429656683330111,1.1926248685845349,-2.988196844966747
847,5.240278947138723,4.6972405656339,15.880097144874657,-12.994145460606775
848,13.422731311289025,-0.11625066168881765,17.808570436392557,-11.84038211121725
849,3.4859700616028695,-1.0664954894997498,19.370459306545737,-12.492855929560497
850,6.7178206491051835,0.5819626152925135,13.011216510340898,-7.845752525593271
851,4.5648752045923455,-27.883278957449484,-19.864848027206033,34.381826089129035
852,15.37589072291463,1.366230836648677,-23.30674376001189,24.224519851581142
853,-2.463984669100829,-1.228634495588925,6.174358442532618,-0.42991869114774994
854,-21.358049806226717,-6.26647957175089,-24.72070095475154,26.908343065281255
855,13.096211621602533,0.6173526669569462,16.920553939081255,-11.596397781551554
856,14.988222806110967,0.43467919193305077,16.435211339682084,-16.92012512881782
857,-21.292671732660594,-0.12386265849029754,-27.04995562755709,19.946674247622806
858,-19.812867492928184,-5.321726561960028,-23.44212976893672,16.770301356183737
859,6.8261785857557244,-9.030896346074192,-19.750655821600397,24.40469669193476
860,4.249500613670849,3.822615172421693,15.708517929930032,-24.271583275489537
861,12.01101663024179,0.39917728389365653,17.45798832226652,-22.252690635101796
862,-11.496491574849614,-0.9531826763302274,-32.756790164899726,23.740981423472807
863,-6.770637354663086,-20.01637542862632,-10.954448126101402,20.910847074486657
864,-11.229069790688055,9.39228519514084,-34.16304957224778,16.20605599417848
865,20.365901252638515,11.423132355205162,-29.000608579178795,27.059213300707412
866,-4.174578220621628,-1.119593059313871,10.378461467437006,1.356395634130998
867,-8.557850913984735,14.471323192760112,-36.01372908852184,19.38257198488939
868,8.61897905932519,-3.8798288140654864,-24.851080460078517,29.609691712898915
869,-1.7187307223974186,6.052385753677856,10.728471502714077,-7.347541708474312
870,18.817831254790413,-1.1400653424122038,18.147677318512365,-21.809687989665488
871,-16.704011220203803,6.945409616936233,-22.73108548611092,19.096114258836025
872,-13.067879703729282,-5.151370537695759,-17.71742095669919,25.787592148519213
873,-13.179590155455298,-4.101123361299318,20.086284639255503,-14.177797893214168
874,-0.10103281669565278,-9.880332660412817,20.118979770423767,-14.871807609734725
875,-27.644347728870358,-9.287054755704578,-31.77241477774935,31.71403735880529
876,0.5977359188124473,-3.3805826701438795,17.448639731032426,-7.0894741573077695
877,-8.053739008270675,-5.799549000684787,16.498212573118213,-13.119327147654152
878,16.207505649959188,-3.5047676305855786,17.93471762402055,-11.814605460835358
879,5.903109359256273,3.075502457274648,14.856524773361745,-9.14382069593933
880,-6.237080776170458,-10.342272077444608,21.545194602103322,-9.754320527394846
881,5.034847287118692,-12.253526395164196,15.886076243692461,-23.4642203807061
882,8.800740030053358,3.990245618812705,14.935670083008315,-12.208703495069763
883,13.743740332880177,2.3186313260442444,-23.313424025292196,23.301975066440484
884,-14.217760829003206,-4.483764335554944,-25.77013170185774,24.684983619913947
885,0.2910465126911687,-2.852737271674174,1.6680730732581197,1.763133367126008
886,-8.499098546289986,-3.169659053002531,17.056046209122776,-9.481454576937892
887,-4.919443614049114,18.07497328130297,9.69065508695445,-22.59253218099417
888,0.48278561546637944,0.9145756080189917,6.836922362377429,-1.5813710451985101
889,4.436967006568225,-1.5196190554896196,3.0745239479767252,-0.2502261634442049
890,2.493932068276827,-0.14518240518572956,5.015871739135619,-1.6869959945311082
891,-6.3674455594659785,-2.2163588640052927,-7.242556750773081,8.22155633655149
892,-5.947231934978046,4.677798035150391,14.922492113290758,-5.372850048567056
893,10.415301203428516,3.3094997336489955,16.282579804302348,-17.821134806815486
894,-4.783504489467583,-4.875737295977968,15.337101478593414,-16.37020536646419
895,-7.57103842644985,-0.6446863168082695,-11.965079080322667,13.081350443023974
896,-8.167018112743865,-6.357231629892451,18.94192041837129,-4.160493318187857
897,-4.40589100149728,-8.980917575686505,20.670970126133966,-14.939417810495579
898,-7.235420033855601,-18.933880811331413,-12.129685667362383,16.014705762665503
899,6.125214648089335,1.2001431353183363,5.990532684457806,-6.321100884213779
900,-3.174252084916238,-5.934305592074949,17.80172270310786,-2.898738083971138
901,3.3202167826997773,-2.4947062988043527,15.047064403575849,-4.385757165567659
902,-4.769069812228156,-38.39736109651132,-18.695831846303815,30.805935981842854
903,1.8678675920888,2.645743643098051,13.615021602957608,-7.2680580808969975
904,-0.04172641532413873,-7.444040697752574,16.6027470314885,-22.60523698926313
905,2.902781416242858,-0.2711696848228696,-26.263384260532202,21.215891271212683
906,-3.469094758942095,-3.881071809699124,11.569704232257978,-4.77408660144728
907,-3.070075814933028,-2.2394694797936245,16.671625499257555,-20.73464106572794
908,7.568415536093054,14.68488511538847,-27.111378754761972,16.27910664524319
909,-31.313022606128676,-2.698279214143956,-28.777980809995586,31.01346559006724
910,-2.028776325432212,16.75018234104749,5.6573576434505615,-17.96859618338721
911,2.8512828854245984,4.6231750752230125,3.439664682778448,-8.52552668714675
912,2.6186632604963744,0.8539098103982281,2.4833267828726524,-3.0761101227448413
913,4.729432258944091,-6.685603872292655,-11.57100507103623,19.787200841556924
914,-4.82994060425501,12.074125828679579,11.792319816395986,-20.101289264339883
915,-29.309668871852857,8.80554759046708,-25.40506231223364,9.388275191847697
916,-24.23107798555607,6.345379881507665,-19.21930931502366,12.83349753147671
917,-3.121322742649134,15.03476488408455,9.382797890207726,-15.24984713362572
918,-2.82779089353316,-4.676748430477724,-12.79163557040657,21.402653072222215
919,14.01924360522562,-2.7080122174175276,19.265052560179328,-20.15040224937443
920,-2.2978282762674715,9.421908797086013,-34.18906804238239,18.16960039531917
921,2.0057605660188838,7.154531101097201,4.878775675876753,-7.859998395281275
922,12.515783136475637,-20.002341900266547,-10.233275300932704,28.356585720964034
923,14.483526098054126,8.146320411238472,-21.686900109219614,20.00658165548092
924,-0.8239892359322709,7.107907006900635,4.793554560623075,-6.488412115871441
925,-0.4524059830598208,5.402955276195047,14.072066498414006,-21.650092759552827
926,3.2258085709330806,-2.8332532768570196,3.896320589303485,0.6319170241820147
927,-5.274740644183106,-6.579314841694148,-17.570014900959478,37.43851556641368
928,-16.735028559942805,23.01598414954513,-44.23970487289096,18.590031919116814
929,10.949427850913398,15.188595824424258,-28.359162675387182,24.545001213275807
930,12.077919028006113,11.270036227250399,-30.353364041769762,23.378647235538565
931,-4.166799739456297,9.937474843981471,14.946649140648326,-23.531819986683367
932,8.026609878466278,11.054623801610893,-30.82348472437539,22.740349640726013
933,1.7311347309831966,-3.4703387331458764,-2.2605140185143,3.4755737092824717
934,12.143022629778057,2.448241143170409,-19.956811064811284,20.369536596971457
935,7.595272448071924,5.137741579987085,15.966301214266416,-15.322197553583296
936,-1.6318149713510204,-1.261943827989373,3.78409447043632,-7.0558265427030165
937,-10.257481402907924,-7.670227798179594,-16.533345545998763,29.884653800298114
938,-1.5311257429925365,-0.5928874693509505,7.126650534740461,-0.025918590570169542
939,5.796002476989961,6.898629600972979,15.374268438199056,-19.84225112960289
940,5.937106715943044,3.730275937873925,-14.602728283598932,16.446515397627884
941,-1.691469385895159,10.797071220070993,9.626955932788775,-23.237630065777005
942,10.375162561869018,-0.3834559948588672,11.75951934630186,-6.55211576878745
943,16.780517866984255,-1.066065879015301,18.058216717566197,-18.68192471013742
944,1.7010683507974742,5.786539031461512,-37.180579352649076,21.524171370313603
945,15.636690710462798,-0.09164895040373003,18.467813546919732,-15.983361521947698
946,5.716573028452916,-7.7839582036320385,17.979252509159824,-21.712543572725025
947,5.255934290276382,14.239409224638212,-30.900214719163586,18.689435310940123
948,6.71513274044235,-4.542473285996886,-21.139154036074615,25.94937134984738
949,9.917163639060105,0.5976440982108733,14.859841373459858,-12.301034103373995
950,-2.223386516215561,14.011414924644383,-19.162397521830375,10.938771618400649
951,1.3934859201894445,4.416433606044663,-12.04192941802448,8.843653840011616
952,-3.962305260604902,-5.387404971535821,20.43422492011128,-11.377178517151336
953,4.517890652030903,-10.421165652016679,-5.920039756173132,18.405023947454232
954,8.211129853118582,5.647397769064595,-19.240431734109155,16.540866599696823
955,3.727126634575489,-1.635195135829074,-2.0907436993871684,1.9686265793835926
956,7.871657965368618,4.375900895750583,-26.769236278666238,20.334044779957395
957,-1.7922687741251009,6.447673422892743,13.08331922235682,-8.08914667280267
958,13.568121149320902,3.754647458375411,-28.53903423026404,24.848017743524856
959,-0.9360151575837006,4.489615342174081,11.915095745423029,-6.266761277728021
960,7.1896782904862775,-26.02039758724769,-20.014396132760822,32.50208017970461
961,-5.789753127961528,11.761373693798198,-22.806102027602122,6.7388846193851055
962,7.309967849955759,-2.9001834926913035,-21.2653071273812,24.881276562330175
963,-14.424555229878774,-14.331489872514089,-27.392620164870554,33.73000336133606
964,10.746730212570881,2.5231497219167047,14.709113804176368,-12.643800974748634
965,-2.611303110484204,5.821614595532612,10.721121820338091,-6.334102667003325
966,6.299427971320908,-7.3676938834480605,-13.977622421658154,19.062059293742717
967,11.2395134512406,2.4140328733247056,16.233870715999053,-15.158288920604248
968,-13.690717215955074,14.353141836310769,-40.20503397477686,21.987358959854916
969,9.51006052637467,-13.972012884555177,-9.194040286505562,24.028514258441206
970,17.3211935594936,-1.3893757852842856,17.0274475096721,-13.268990737341104
971,17.244691925285956,-2.5769132555621894,20.06439371823811,-17.91502750159158
972,18.186103717617826,-1.9895073603150564,17.991166753993,-16.82688496258514
973,3.4607042762243734,-0.5533901112334024,7.302758635943402,-9.303173734019449
974,21.37818656366079,7.870826725975079,-27.679710655808613,27.001527879902916
975,-3.9304811657646868,4.218935751791246,12.329799323716358,-22.49530897973917
976,9.212621410889435,15.358854053750452,-24.711511820224946,16.575523318380057
977,-14.656460563248764,-0.7188906923647712,-21.81614783688118,33.89536315127137
978,0.28022776982529934,0.9195918961542222,1.771940668992023,4.8606244987421725
979,2.798983547721403,0.4246826041384309,4.516014314246547,-0.9165264334172698
980,-8.538486647550503,2.8804953536499545,14.724502017920624,-16.082033621557564
981,11.378894228473381,6.069604512451159,-20.737560454128285,18.46232234615912
982,9.94744627140348,6.117451744928084,-27.84922930913777,24.614668763600484
983,11.69234887222045,0.1479609639272424,-9.863450019660034,17.231974353573428
984,-7.2959912039851735,13.742590695252233,11.997871174849326,-24.612580710646398
985,10.7158310721022,8.475812720715426,-15.570061383273572,19.59167835391448
986,16.93499525799828,-4.024245310549644,18.84358595247232,-21.58975577236123
987,11.267977202037992,-4.598610596722254,-18.95768928988765,26.136922987797423
988,-6.030892497444417,-6.151806664322677,13.40683789647111,-16.155615391311457
989,-4.356077652480856,-8.341996816196202,18.51698466137659,-16.74482178826176
990,-2.918423622415821,13.90707420138842,-27.68460184836796,12.284372907653598
991,-15.926950184147506,11.905304931094154,-37.12902790223409,23.80519099949482
992,15.980117755776238,10.036408208581518,-31.342766177954786,26.43672937922042
993,-21.212089830406583,7.057944732722268,-20.812018172812035,9.469114069271264
994,-0.030153777130093207,-11.390465180628293,-15.130265252615848,30.921223677362494
995,-21.320499285502386,-0.8308454498011559,-22.813743909078646,18.950960601662626
996,-8.200168802673403,-5.26863967506924,18.04003553978906,-10.687532377373984
997,-25.285246625726685,5.048960141418644,-22.17064999963088,18.710372660899917
998,-3.975840540704227,10.538613631837173,13.687948841658777,-15.4558589312448
999,9.96685644794545,11.816756906499739,-22.934887237639867,23.448189809773023
1000,-0.43613074258308215,2.1214249452088065,8.05271868084227,-6.218047604718716
